<?xml version="1.0" ?>
<XML_DIZ_INFO>
<MASTER_PAD_VERSION_INFO>
    <MASTER_PAD_VERSION>1.15</MASTER_PAD_VERSION>
    <MASTER_PAD_INFO>Portable Application Description, or PAD for short, is a data set that is used by shareware authors to disseminate information to anyone interested in their software products. To find out more go to http://www.asp-shareware.org/pad</MASTER_PAD_INFO>
</MASTER_PAD_VERSION_INFO>
<Company_Info>
        <Company_Name>Funduc Software</Company_Name>
        <Address_1>PO Box 530904</Address_1>
        <Address_2 />
        <City_Town>Livonia</City_Town>
        <State_Province>MI</State_Province>
        <Zip_Postal_Code>48153</Zip_Postal_Code>
        <Country>USA</Country>
        <Company_WebSite_URL>http://www.funduc.com</Company_WebSite_URL>
<Contact_Info>
        <Author_First_Name>Mike</Author_First_Name>
        <Author_Last_Name>Funduc</Author_Last_Name>
        <Author_Email>info@funduc.com</Author_Email>
        <Contact_First_Name>Mike</Contact_First_Name>
        <Contact_Last_Name>Funduc</Contact_Last_Name>
        <Contact_Email>support@funduc.com</Contact_Email>
    </Contact_Info>
<Support_Info>
        <Sales_Email>sales@funduc.com</Sales_Email>
        <Support_Email>support@funduc.com</Support_Email>
        <General_Email>support@funduc.com</General_Email>
        <Sales_Phone>734 462-1552</Sales_Phone>
        <Support_Phone>734 462-1552</Support_Phone>
        <General_Phone>734 462-1552</General_Phone>
        <Fax_Phone>734 462-1886</Fax_Phone>
    </Support_Info>
</Company_Info>
<Program_Info>
        <Program_Name>Word Search and Replace</Program_Name>
        <Program_Version>2.30</Program_Version>
        <Program_Release_Month>05</Program_Release_Month>
        <Program_Release_Day>15</Program_Release_Day>
        <Program_Release_Year>2003</Program_Release_Year>
        <Program_Cost_Dollars>0</Program_Cost_Dollars>
        <Program_Cost_Other_Code />
        <Program_Cost_Other />
        <Program_Type>Freeware</Program_Type>
        <Program_Release_Status>Major Update</Program_Release_Status>
        <Program_Install_Support>No Install Support</Program_Install_Support>
        <Program_OS_Support>Win95,Win98,WinME,WinNT 4.x,WinXP,Windows2000</Program_OS_Support>
        <Program_Language>English</Program_Language>
<File_Info>
        <Filename_Versioned />
        <Filename_Previous />
        <Filename_Generic>WordSR.zip</Filename_Generic>
        <Filename_Long>WordSR.zip</Filename_Long>
        <File_Size_Bytes>57463</File_Size_Bytes>
        <File_Size_K>56</File_Size_K>
        <File_Size_MB>0.06</File_Size_MB>
    </File_Info>
<Expire_Info>
        <Has_Expire_Info>N</Has_Expire_Info>
        <Expire_Count />
        <Expire_Based_On>Days</Expire_Based_On>
        <Expire_Other_Info />
        <Expire_Month />
        <Expire_Day />
        <Expire_Year />
    </Expire_Info>
        <Program_Change_Info />
        <Program_Specific_Category>Utilities</Program_Specific_Category>
        <Program_Categories>Text Tools, Editor, Freeware, Search and Replace Tools, Utilities, Word Tools, Office Tools</Program_Categories>
        <Program_System_Requirements>Requires MS Office 2000 or higher</Program_System_Requirements>
        <Includes_JAVA_VM>N</Includes_JAVA_VM>
        <Includes_VB_Runtime>N</Includes_VB_Runtime>
        <Includes_DirectX>N</Includes_DirectX>
</Program_Info>
<Program_Descriptions>
<English>
        <Keywords>search, replace, search and replace, replacement, replacements, grep, egrep, Office 2000, Word 97, pattern matching, regular expression, Windows 95, Windows NT, touch, shareware, Funduc Software, Funduck</Keywords>
        <Char_Desc_45>Freeware find/repl macro for Microsoft Word.</Char_Desc_45>
        <Char_Desc_80>A freeware find/replace macro for Microsoft Word. Does multiple files.</Char_Desc_80>
        <Char_Desc_250>A freeware macro. Word Search and Replace uses the find and replace functions built-in to Microsoft Word. Word Search and Replace can process multiple files in subdirs or not, do case sensitive, whole word, and pattern matching.</Char_Desc_250>
        <Char_Desc_450>A freeware macro for Microsoft Word, we created &apos;WordSR&apos; for those who need a tool to search and replace in Word documents but find Funduc Software&apos;s Search and Replace window grep utility too powerful for their purposes. The Word Search and Replace macro uses the find and replace functions built-in to Microsoft Word. Word Search and Replace can process multiple files in subdirs or not, do case sensitive, whole word, and pattern matching.</Char_Desc_450>
        <Char_Desc_2000>A freeware macro for Microsoft Word, we created &apos;WordSR&apos; for those who need a tool to search and replace in Word documents but find Funduc Software&apos;s Search and Replace windows grep utility too powerful for their purposes. The Word Search and Replace macro uses the find and replace functions built-in to Microsoft Word. Word Search and Replace can process multiple files in subdirs or not, do case sensitive, whole word, and pattern matching. Version 2.0 does &apos;Find only&apos; (previous versions were just find-replace). Please see documention before you jump in.</Char_Desc_2000>
</English>
</Program_Descriptions>
<Web_Info>
<Application_URLs>
        <Application_Info_URL>http://www.searchandreplace.com/word_sr.htm</Application_Info_URL>
        <Application_Order_URL />
        <Application_Screenshot_URL>http://www.searchandreplace.com/images/wordsrshot.gif</Application_Screenshot_URL>
        <Application_Icon_URL>http://www.searchandreplace.com/images/wsricon.gif</Application_Icon_URL>
        <Application_XML_File_URL>http://www.searchandreplace.com/pad/wordsrpad.xml</Application_XML_File_URL>
    </Application_URLs>
<Download_URLs>
        <Primary_Download_URL>http://www.searchandreplace.com/ftp/WordSR_230.zip</Primary_Download_URL>
        <Secondary_Download_URL>http://www.funduc.com/ftp/WordSR_230.zip</Secondary_Download_URL>
        <Additional_Download_URL_1 />
        <Additional_Download_URL_2 />
    </Download_URLs>
</Web_Info>
<Permissions>
        <Distribution_Permissions>Shareware reviewers and shareware distributors may distribute the
shareware and freeware versions of Funduc Software products on any
CD-ROMs or other distribution media without asking for specific
permission.  We only request that you use the most recent versions
available when you prepare your distribution media. The latest
versions are available from our web sites at http://www.funduc.com
and http://www.searchandreplace.com. 

You may not sell the shareware or freeware versions as &apos;for sale&apos;
products. You may not charge a special premium for any Funduc
Software product that is unique from the ordinary distribution
fees for your entire distribution.

Funduc Software warrants that our products are free from any third
party ownership claims. 

You must distribute the entire shareware or freeware package for
any given product. The &quot;entire package&quot; consist of all files
installed by our executable installers or all files contained in
the archived .zip versions of our shareware and freeware programs
as downloaded our web sites at http://www.funduc.com and
http://www.searchandreplace.com.</Distribution_Permissions>
        <EULA>Word Search and Replace
Funduc Software, Inc.
Copyright 2000-2003
www.funduc.com    www.searchandreplace.com

LICENSE AGREEMENT AND WARRANTY DISCLAIMER

You should carefully read the following terms and conditions
before using this software. Use of this software indicates your
acceptance of these terms and conditions. If you do not agree with
them, do not use the software.

Word Search and Replace is a freeware Word macro for Microsoft
Word that can search and replace in files you specify using
Microsoft Word search and replace functioning.

IMPORTANT: Use this software at your own risk. It comes with no
warrantees of usability or safety of your data. Make backups of
all files that may be affected by your operation BEFORE you do
search and replace. DO NOT RELY on the Word &apos;undo&apos; function as a
backup method -- it may not work. Use a product such as our
Directory Toolkit to zip your files or copy them to a backup path.

FREEWARE VERSION LICENSE

You are free to use the program for as long as you like at no cost.

You are free to modify the code, provided you distinquish your work 
from ours. We only ask that you write us at support@funduc.com and 
let us know if you have developed a new version. Thanks.


RESTRICTIONS

You are prohibited by law from selling, renting, leasing, loaning,
or donating the program or documentation in whole or in part
without specific advance agreement between yourself and Funduc
Software, Inc. You are prohibited by law from redistributing the
program by any method or in any form except to the specific
individuals for whom the software was purchased. You may 
not modify the program or documentation in any manner. You 
are prohibited from permitting anyone else from undertaking 
any of the above actions.

GOVERNING LAW

This agreement shall be governed by the laws of the State of
Michigan.

DISCLAIMER OF WARRANTY

This software and the accompanying files are sold as is and
without warranties as to performance of merchantability or any
other warranties whether expressed or implied. In particular,
there is no warranty for the string Replacing feature.

Good data processing procedure dictates that any program be
thoroughly tested with non-critical data before relying on it. The
user must assume the entire risk of using the program.</EULA>
</Permissions>
<ASP>
    <ASP_FORM>Y</ASP_FORM>
    <ASP_Member>N</ASP_Member>
    <ASP_Member_Number />
</ASP>
</XML_DIZ_INFO>
