﻿<?xml version="1.0" encoding="UTF-8" ?>
<update time="2013-09-05 01:01:01" version="0">
  <upnow method="GET" url="http://update.lingoes.cn/update/18/upnow18-cn.xml" md5="7D54566A665437293A547FE628D177F0" />
  <upgrade method="GET" url="http://update.lingoes.cn/update/18/upgrade18-cn.xml" md5="FF1D2C053AEBF5BDB7728CF144CAE640" now="n" desc="" />
  <!-- 消息更新部分 -->
  <Info>
     <item lang="en">
      <tip><![CDATA[]]></tip>
      <content>
        <![CDATA[
				<table id="startpage" border="0" width="100%" cellspacing="0" cellpadding="0" style="margin:32px 0px 0px 0px">
					<tr>
						<td>
							<table border="0" width="100%" cellspacing="0" cellpadding="0">
								<tr>
									<td width="50%" style="white-space: nowrap; color:#888888; border-right:1px solid #EBF1FA; padding: 10px 20px 10px 10px; font-family:='[$UIFont]'; font-size:[$UIFontSize]pt" align="right">
										<div style="margin-bottom:25px"><img border="0" src="[$ImgPath]logomain.png" width="134" height="40"></div>
										<div nowrap style="margin-bottom:25px"><img border="0" src="[$IconPath]homepage8.png" width="16" height="16" align="absmiddle">
											<a href="app://homepage/"><b>Lingoes.net</b></a>
										</div>
										<div nowrap style="margin-bottom:5px">
											<a href="app://help/"><span style="text-decoration: none; ">How to use Lingoes</span></a>
											<img border="0" src="[$ImgPath]prd.png" width="16" height="16" align="absmiddle">
										</div>
										<div nowrap style="margin-bottom:25px">
											<a href="app://downdict/"><span style="text-decoration: none">Download more free dictionaries</span></a>
											<img border="0" src="[$ImgPath]prd.png" width="16" height="16" align="absmiddle">
										</div>
										<div style="line-height:150%">Cross translation over 80 languages, <br>Text translation, Capture word on screen, <br>Translate selected text, Text to speech, <br>free dictionaries and encyclopedias.</div>
										<div align="right" style="font-family:'[$UIFont]'; font-size:10px; color:#5379BC; padding:2px; margin-top:15px">V[$Version]-[$Area] &nbsp;</div>
									</td>
									<td nowrap style="padding: 0px 10px 0px 20px; color:#777777; font-family:='[$UIFont]'; font-size:[$UIFontSize]pt">
										<div style="font-family:='[$UIFont]'; font-size:[$UIFontSize]pt; line-height:150%">
											<div style="color: #5379BC; border-bottom:1px solid #EBF1FA; margin: 0px 0px 5px 0px"><b>Latest updates:</b></div> 
											<ul style="line-height: 160%; margin:0px 0px 0px 16px; padding-left:0px">
												<li><a href="app://downdict/317097B6E814E043839A3467BA8F4CCE"><b>Wikipedia English - Free Encyclopedia</a></b></li>
												<li><a href="app://downdict/391AB9CB8E521B4593A199AF33187A62">Longman Language Activator</a>  <sup><font color="#FF0000">new</font></sup></li>
												<li><a href="app://downdict/2233C6E9B5E54945B81BF285D370357F">Global English-Portuguese Glossary</a></li>
												<li><a href="app://downdict/681D2F0763B84A4EACEEFF51CFF1127C">Baidu Encyclopedia</a></li>
												<li><a href="app://downdict/E2121C8E4A7EC947853B418037587887">Chinese Menu In English Version (Olympic)</a></li>
												<li><a href="app://downdict/D04CA8D7791B794AAFC895D54BC07DC8">Jukuu Bilingual Sentence Searcher</a></li>
												<li><a href="app://downdict/3F20D028F2130549829DEE2F93AC7E13">Oxford Collocations Dictionary</a></li>
												<li><a href="app://downdict/233473BF801EF74C8FEC17CF73468752">Britannica Pocket Encyclopedia (Chinese)</a></li>
												<li><a href="app://downdict/12D98EC3940843498672A92149455292">WordNet English Dictionary</a></li>
												<li><a href="app://downdict/E2B1259F9A4FAF40A15E92C76B262710">Quick Japanese-Chinese Dictionary</a></li>
												<li><a href="app://downdict/1E388F323A0BD943B30FC68598772814">Fundset Deutsch2Chinese Dictionary</a></li>
												<li><a href="app://downdict/AB09F05AC96273489B334F2C701C1489">Concise French-Chinese Dictionary</a></li>
												<li><a href="app://downdict/C72922CC0F48C44D9B370FE4D8A76912">Concise Spanish-Chinese Dictionary</a></li>
												<li><a href="app://downdict/8FC0166CCDDB3E4ABA4DCB1ABAB3D9A1">Concise Russian-Chinese Dictionary</a></li>
												<li><a href="app://downdict/"><b>More dictionaries...</b></a></li>
											</ul>
										</div>
										<div style="font-family:='[$UIFont]'; font-size:[$UIFontSize]pt; line-height:150%">
											<div style="color: #5379BC; border-bottom:1 solid #EBF1FA; margin: 15px 0px 5px 0px"><b>Common tools:</b></div> 
											<div style="float:left; cursor:hand; margin-right:10px" title="Currency Converter" onclick="window.navigate('app://appendix/rate')"><div style="padding:2px; background-Color:#FFFFFF; border:1 solid #DEDEDE"><img border="0" src="[$ImgPath]download\rate.png" width="16" height="16" align="absmiddle"></div></div>
											<div style="float:left; cursor:hand; margin-right:10px" title="Weights &amp; Measures Converter" onclick="window.navigate('app://appendix/measures')"><div style="padding:2px; background-Color:#FFFFFF; border:1 solid #DEDEDE"><img border="0" src="[$ImgPath]download\measures.png" width="16" height="16" align="absmiddle"></div></div>
											<div style="float:left; cursor:hand; margin-right:10px" title="International Dialing Codes" onclick="window.navigate('app://appendix/dialcode')"><div style="padding:2px; background-Color:#FFFFFF; border:1 solid #DEDEDE"><img border="0" src="[$ImgPath]download\dialcode.png" width="16" height="16" align="absmiddle"></div></div>
											<div style="float:left; cursor:hand; margin-right:10px" title="International Time Zone Converter" onclick="window.navigate('app://appendix/timezone')"><div style="padding:2px; background-Color:#FFFFFF; border:1 solid #DEDEDE"><img border="0" src="[$ImgPath]download\timezone.png" width="16" height="16" align="absmiddle"></div></div>
											<div style="float:left; cursor:hand; margin-right:10px" title="International Phonetic Alphabet" onclick="window.navigate('app://appendix/ipa')"><div style="padding:2px; background-Color:#FFFFFF; border:1 solid #DEDEDE"><img border="0" src="[$ImgPath]download\ipa.png" width="16" height="16" align="absmiddle"></div></div>
											<div style="float:left; cursor:hand; margin-right:10px" title="Periodic Table of the Elements" onclick="window.navigate('app://appendix/ptoe')"><div style="padding:2px; background-Color:#FFFFFF; border:1 solid #DEDEDE"><img border="0" src="[$ImgPath]download\ptoe.png" width="16" height="16" align="absmiddle"></div></div>
										</div>
									</td>
								</tr>
							</table>
						</td>
					</tr>
				</table>
				]]>
      </content>
    </item>
    
    <item lang="zh-CN">
      <tip><![CDATA[]]></tip>
      <content>
        <![CDATA[
				<div id="startpage" cellspacing="0" cellpadding="0" style="min-width:500px; padding:15px 15px 0px 15px; font-family:'Tahoma', 'Arial'; font-size:12px; line-height:150%; color:#808080; white-space:nowrap;">
							<div style="height:1px"><img border="0" src="[$ImgPath]s.png" width="500" height="1"></div>
							<div nowrap style="clear:both; width:100%">
								<img border="0" src="[$ImgPath]logo36.png" width="36" height="36" align="left" style="margin-right:10px">
								<div>
									<div style="line-height:120%">
										<a class="blue" href="app://help/">Help 使用帮助</a> | 
										<a class="blue" href="app://downdict/">下载海量词库</a> | 
										<a class="blue" href="app://downspeech/">下载真人语音</a> | 
										<a class="blue" href="app://community/">技术支持</a> |
										<a class="blue" href="app://download/" style="font-size:11px">V[$Version]-[$Area]</a>
									</div>
									<div nowrap style="width:100%; margin-top:3px">
										<div class="lgsp_toolbutton" title="实用外语网址导航" onclick="window.navigate('app://appendix/website')"><img border="0" src="[$ImgPath]download\website.png" width="16" height="16" align="absmiddle"> 外语网址</div>
										<div class="lgsp_toolbutton" title="汇率换算" onclick="window.navigate('app://appendix/rate')"><img border="0" src="[$ImgPath]download\rate.png" width="16" height="16" align="absmiddle"> 汇率</div>
										<div class="lgsp_toolbutton" title="度量衡换算" onclick="window.navigate('app://appendix/measures')"><img border="0" src="[$ImgPath]download\measures.png" width="16" height="16" align="absmiddle"> 度量衡</div>
										<div class="lgsp_toolbutton" title="国际电话区号" onclick="window.navigate('app://appendix/dialcode')"><img border="0" src="[$ImgPath]download\dialcode.png" width="16" height="16" align="absmiddle"></div>
										<div class="lgsp_toolbutton" title="国际时区转换" onclick="window.navigate('app://appendix/timezone')"><img border="0" src="[$ImgPath]download\timezone.png" width="16" height="16" align="absmiddle"></div>
										<div class="lgsp_toolbutton" title="万年历" onclick="window.navigate('app://appendix/calendar')"><img border="0" src="[$ImgPath]download\calendar.png" width="16" height="16" align="absmiddle"></div>
										<div class="lgsp_toolbutton" title="中文简繁体转换" onclick="window.navigate('app://appendix/convzh')"><img border="0" src="[$ImgPath]download\convzh.png" width="16" height="16" align="absmiddle"></div>
										<div class="lgsp_toolbutton" title="IPA 国际音标" onclick="window.navigate('app://appendix/ipa')"><img border="0" src="[$ImgPath]download\ipa.png" width="16" height="16" align="absmiddle"></div>
										<div class="lgsp_toolbutton" title="IP 地址查询" onclick="window.navigate('app://appendix/ip')"><img border="0" src="[$ImgPath]download\ip.png" width="16" height="16" align="absmiddle"></div>
										<div style="clear:both"></div>
									</div>
								</div>
							</div>
							<div nowrap style="clear:both; width:100%; margin-top:10px; line-height:120%">
								<div id="lgsp_panel_head_0" class="lgsp_panel_sel" onclick="lgspSelectPanel(0, 'lgsp_panel_', 'lgsp_panel_');">最新更新</div>
								<div id="lgsp_panel_head_1" class="lgsp_panel_nosel" onclick="lgspSelectPanel(1, 'lgsp_panel_', 'lgsp_panel_');">推荐</div>
								<div id="lgsp_panel_head_2" class="lgsp_panel_nosel" onclick="lgspSelectPanel(2, 'lgsp_panel_', 'lgsp_panel_');">多语种</div>
								<div class="lgsp_panel_sp" style="text-align:right"><font color='#FF0000'>&nbsp;</font></div>
								<div style="clear:both"></div>
							</div>
							<div style="clear:both; border-left: 1px solid #DCE7F4; border-right: 1px solid #DCE7F4; border-bottom: 1px solid #DCE7F4; background-color:#ffffff">
								<div id="lgsp_panel_0" nowrap style="display:; padding:10px; line-height:200%">
									<div>
										<table border="0" width="523" height="59" cellspacing="0" cellpadding="0" bordercolor="#EEEEEE" style="border-collapse: collapse; margin-bottom:5px; background-position:1px 1px" background="[$ImgPath]download\linkbox.png">
											<tr>
												<td width="100%">
													<table border="1" width="100%" height="30" cellspacing="0" cellpadding="0" bordercolor="#EEEEEE" style="border-collapse: collapse; margin-bottom:-1px;">
														<tr>
															<td width="28" height="28" style="cursor:hand" onclick="window.navigate('http://www.lingoes.cn/zh/adbox/golink.php?box=A1')" title="托福名师刘文勇亲自授课，阅读写作两科特价只要680元。"><img border="0" src="[$ImgPath]download\lasedu13.gif" width="28" height="28" align="absbottom"></td>
															<td width="231" height="28" style="cursor:hand" onclick="window.navigate('http://www.lingoes.cn/zh/adbox/golink.php?box=B1')" title="批改网：英语作文，免费在线批改"><img border="0" src="[$ImgPath]download\pigai.png" width="231" height="28" align="absbottom"></td>
															<td width="231" height="28" style="cursor:hand" onclick="window.navigate('http://www.lingoes.cn/zh/adbox/golink.php?box=J1')" title="2天记信4000单词的秘密…"><img border="0" src="[$ImgPath]download\rock2.gif" width="231" height="28" align="absbottom"></td>
															<td width="28" height="28" style="cursor:hand" onclick="window.navigate('http://www.lingoes.cn/zh/adbox/golink.php?box=R1')" title="R1: 有空位"> </td>
														</tr>
													</table>
													<table border="1" width="100%" height="30" cellspacing="0" cellpadding="0" bordercolor="#EEEEEE" style="border-collapse: collapse; margin-bottom:0px">
														<tr>
															<td width="28" height="28" style="cursor:hand" onclick="window.navigate('http://www.lingoes.cn/zh/adbox/golink.php?box=A2')" title="科学验证：一个月听懂VOA，词汇量猛涨！"><img border="0" src="[$ImgPath]download\rockywords.gif" width="28" height="28" align="absbottom"></td>
															<td width="28" height="28" style="cursor:hand" onclick="window.navigate('http://www.lingoes.cn/zh/adbox/golink.php?box=B2')" title="北京新东方GRE教师,旅游摄影控,词汇帝国Matrix单词记忆法创始人"><img border="0" src="[$ImgPath]download\ciscoblizzard.jpg" width="28" height="28" align="absbottom"></td>
															<td width="28" height="28" style="cursor:hand" onclick="window.navigate('http://www.lingoes.cn/zh/adbox/golink.php?box=C2')" title="经过国外专家把关的中英论文翻译、润色服务"><img border="0" src="[$ImgPath]download\ufi.gif" width="28" height="28" align="absbottom"></td>
															<td width="173" height="28" style="cursor:hand" onclick="window.navigate('http://www.lingoes.cn/zh/adbox/golink.php?box=D2')" title="洛基国际英语"><img border="0" src="[$ImgPath]download\rock.gif" width="173" height="28" align="absbottom"></td>
															<td width="231" height="28" style="cursor:hand" onclick="window.navigate('http://www.lingoes.cn/zh/adbox/golink.php?box=J2')" title="句酷：中英，中日双语句例搜索，海量句例任你搜"><img border="0" src="[$ImgPath]download\jukuu.jpg" width="231" height="28" align="absbottom"></td>
															<td width="28" height="28" style="cursor:hand" onclick="window.navigate('http://www.lingoes.cn/zh/adbox/golink.php?box=R2')" title="R2: 有空位"> </td>
														</tr>
													</table>
												</td>
											</tr>
										</table>
<!-- hudong_begin -->
<div>[$startpage_hudong]</div>
<!-- hudong_end -->
									<a class="red" style="line-height:150%" href="app://download/"><b>Lingoes 2.9 发布啦, 历时一年全新重构, 快速稳定兼容, 按此下载最新版...</b></a><br/>
									<div style="color:#00A300; line-height:150%">全面兼容 Win 8 及 64 位操作系统</div>
									<div style="color:#00A300; line-height:150%">支持 Word 2013, Acrobat X1, IE 10, Chrome 26, Firefox 20 屏幕取词</div>
									&bull; &nbsp;最新: &nbsp; <a class="blue" href="app://downdict/73D3F4E8631CD24DB402ABE3034B3203">2010 SCI 期刊影响因子</a>&nbsp;
										<a class="blue" href="app://downdict/652EE7017FAD164496CEA42E812452BA">SVW德中汽车词典</a> &nbsp;
										<a class="blue" href="app://downdict/85E90AA20C578547978BDD57B40F72EE">意汉汉意词典</a> &nbsp;
										<a class="blue" href="app://downdict/271E2E9D04D3424DB4D9A9AA4F122E8D">韦氏核心词汇</a> &nbsp;
										<br/>
									&bull; &nbsp;最新: &nbsp; <a class="blue" href="app://downdict/3D0ADD3D88C4F145A53157584EB04972">新明解国語辞典</a> &nbsp;
										<a class="blue" href="app://downdict/ADBF8DD433559949B6DD7FCDAA55B6D0">牛津法律词典</a> &nbsp;
										<a class="blue" href="app://downdict/0B5A0C0FD3752E4FBEDFCBB81D8FA582">彭博社财经词汇</a> &nbsp;
										<a class="blue" href="app://downdict/A38E682151C08547B25F8BC8071471C5">路透金融词典</a> &nbsp;
										<br/>
									&bull; &nbsp;最新: &nbsp; <a class="blue" href="app://downdict/317097B6E814E043839A3467BA8F4CCE">英文维基百科</a> &nbsp;
										<a class="blue" href="app://downdict/BD97C672A7A30746B202C9B92827CEC2">法兰西学院法语</a> &nbsp;
										<a class="blue" href="app://downdict/553971B9308D8E4CB916C734378578FF">联合国术语</a> /
										<a class="blue" href="app://downdict/B1446301526A9C4FA795BB0E92F4301E">SAP</a> /
										<a class="blue" href="app://downdict/E33AC23C0D792048B4F0D8D144CB522E">岩土</a> /
										<a class="blue" href="app://downdict/C277F6F05131E84F9535153F2D2A9E58">光电</a> /
										<a class="blue" href="app://downdict/D21B05FAABAFB24E9174ACC470CB29D7">造纸</a>
										<br/>
									&bull; &nbsp;专业: &nbsp; <a class="blue" href="app://downdict/9EBAFBBC5DD47041A7A52C34C33DFC90">英汉海运</a> / 
										<a class="blue" href="app://downdict/590AAD8D2288A44988756313671C473C">航海</a> / 
										<a class="blue" href="app://downdict/790531A12A51D14CBCA057A0E2C52B31">细菌</a> / 
										<a class="blue" href="app://downdict/EC6E1B1B65EB364B9EBE29C10CEF9F09">音频</a> /
										<a class="blue" href="app://downdict/7AAF086EB08A594E80EA929FCC0A20DF">印刷</a> /
										<a class="blue" href="app://downdict/82E0CA3E2EEF604B916A61D3383554C6">核电</a> /
										<a class="blue" href="app://downdict/52F09D968220B34C965B0C7982C2BA98">变压器</a> /
										<a class="blue" href="app://downdict/896B8CCCE028D14C86BDDCAED86171C3">会计</a> /
										<a class="blue" href="app://downdict/D8D1C5BC8996864B809FC02C5F524B0E">食品</a> /
										<a class="blue" href="app://downdict/09A739C2F087EE44B95B3148A09BD979">电气</a>
										<br/>
									&bull; &nbsp;中文: &nbsp; <a class="blue" href="app://downdict/74BF7ECCE3A9AC43B5E8902261A19B29">互动百科</a>&nbsp;
										<a class="blue" href="app://downdict/475BD0BF12BD60478A550E0F132281D5">现代汉语</a>&nbsp;
										<a class="blue" href="app://downdict/0C27239D59E73C44B77494D0277421DF">汉语大辞典</a>&nbsp;
										<a class="blue" href="app://downdict/0CEC61311C63244D980683EE4D5E3C9C">汉语辞海</a>&nbsp;
										<a class="blue" href="app://downdict/7287861419D0F3438EABA86CD642CB2B">说文解字</a>&nbsp;
										<a class="blue" href="app://downdict/A54FC6C6D0E8CE49A962E9CF53C40DDE">康熙字典</a>&nbsp;
										<a class="blue" href="app://downdict/5EFFA3FA3AC6C84580581F90E69D6F98">本草纲目</a>
										<br/>
									&bull; &nbsp;新世纪科技大词典: &nbsp; <a class="blue" href="app://downdict/02F7D9A072FD8E409E91F5E5C8822D12">英汉</a> /
										<a class="blue" href="app://downdict/ACD54F2E77BF5B4296F7D05B395506D7">汉英</a>, &nbsp;
										<a class="blue" href="app://downdict/577D4D00197795408AAD54D9AD8308B8">生态环境</a>&nbsp;
										<a class="blue" href="app://downdict/FBC2485556D7CC4185513E0D004F28F3">公路工程</a>&nbsp;
										<a class="blue" href="app://downdict/FB358A647CF1BB4E8533F0636FEA180B">化工机械</a>&nbsp;
										<a class="blue" href="app://downdict/7D2D38A19BC15544939337C52E8FEEAF">体育</a>&nbsp;
										<a class="blue" href="app://downdict/7BF238C05A5C0B47B5C9F739EFDF9DFE">天文</a>&nbsp;
										<a class="blue" href="app://downdict/CA817672DD161C4A9DDB5029D469EDCC">地理</a> 
										<br/>
										<div style="width:100%">
											<div style="float:left"><a class="blue" href="http://www.lingoes.cn/zh/dictionary/"><b>更多权威词典和百科全书...</b></a></div>
											<div style="text-align:right"><a href="http://dict.baike.com/dict.do?from=lingoes&type=23"><img border="0" src="[$ImgPath]download\baike1.gif" width="218" height="24" align="absmiddle" title="互动百科 - 全球最大中文百科网站"></a></div>
										</div>
									</div>
								</div>
								<div id="lgsp_panel_1" style="display:none; padding:10px; line-height:200%">
									权威词典:&nbsp; <a class="blue" href="app://downdict/3253C2A669C4DB4F8508B5FC4A017DDE">牛津高阶英语词典</a> &nbsp;
										<a class="blue" href="app://downdict/120EDBC05B3A444EA20D4E18A7E8AD65">牛津高阶英汉双解词典</a> /
										<a class="blue" href="app://downdict/4DADA3E26DCE0444AD5AFE7F3A5BF7F8">繁体版</a> &nbsp;
										<a class="blue" href="app://downdict/3F20D028F2130549829DEE2F93AC7E13">牛津英语搭配词典</a><br/>
										<a class="blue" href="app://downdict/D4722835273E184582F2D24696A738EA">朗文当代英语词典</a> &nbsp;
										<a class="blue" href="app://downdict/391AB9CB8E521B4593A199AF33187A62">朗文英语联想活用词典</a> &nbsp;
										<a class="blue" href="app://downdict/ED88A0715DB8E1448AEA4819D1280CEE">柯林斯高阶英语词典</a> &nbsp;
										<a class="blue" href="app://downdict/3B8855D90572464DB0D5F330197AFAE2">美国传统词典</a><br/>
										<a class="blue" href="app://downdict/C735CAD54824B1409A228EE9C19E3F29">剑桥高级学习词典</a> &nbsp;
										<a class="blue" href="app://downdict/DD900E7D1A47994CB52F0BFC7C75D11E">韦氏大学词典</a> &nbsp;
										<a class="blue" href="app://downdict/064BC0137E704247895C401855B9321C">麦克米兰英语词典</a> &nbsp;
										<a class="blue" href="app://downdict/12D98EC3940843498672A92149455292">WordNet英语词典</a><br/>
									百科全书:&nbsp; <a class="blue" href="app://downdict/681D2F0763B84A4EACEEFF51CFF1127C">百度百科</a> &nbsp;
										<a class="blue" href="app://downdict/74BF7ECCE3A9AC43B5E8902261A19B29">互动百科</a> &nbsp;
										<a class="blue" href="app://downdict/233473BF801EF74C8FEC17CF73468752">大英袖珍百科中文版</a><br/>
									中华典藉:&nbsp; <a class="blue" href="app://downdict/7287861419D0F3438EABA86CD642CB2B">说文解字</a> &nbsp;
										<a class="blue" href="app://downdict/A54FC6C6D0E8CE49A962E9CF53C40DDE">康熙字典</a> &nbsp;
										<a class="blue" href="app://downdict/5EFFA3FA3AC6C84580581F90E69D6F98">本草纲目</a><br/>
									专业词典:&nbsp; <a class="blue" href="app://downdict/0555C20CEF20624A8CDC4115B32C6048">Investopedia 金融术语</a> &nbsp;
										<a class="blue" href="app://downdict/02EADD5523E19A40A8B68C8F03230190">高盛金融词汇英汉详解 </a> &nbsp;
										<a class="blue" href="app://downdict/F39E5267052B4C47A0738671482CE675">Lexisnexis英汉法律</a> <br/>
										<a class="blue" href="app://downdict/FBE519B52452C742BD4B3FF939D5100D">湘雅医学专业</a> &nbsp;
										<a class="blue" href="app://downdict/02F7D9A072FD8E409E91F5E5C8822D12">新世纪英汉科技大词典</a> /
										<a class="blue" href="app://downdict/ACD54F2E77BF5B4296F7D05B395506D7">汉英</a> &nbsp;
										<a class="blue" href="app://downdict/6460CFE0974BEB4F95ECEB024D881835">华为网络通信术语</a> &nbsp;
										<a class="blue" href="app://downdict/E2121C8E4A7EC947853B418037587887">餐饮菜单译法</a><br/>
										<a class="blue" href="app://downdict/74C122DFD661AE47AB2A60E3A3D3D8A9">英汉电子工程</a> /
										<a class="blue" href="app://downdict/0F79B79D268A5541B3C76C85CFA06663">汽车</a> /
										<a class="blue" href="app://downdict/7BF238C05A5C0B47B5C9F739EFDF9DFE">天文学</a> /
										<a class="blue" href="app://downdict/ADED198A79077F42A7F645CE62799F45">化学及化工</a> /
										<a class="blue" href="app://downdict/AC65E351F8A58F4AB6542FDCFCCAB5C7">数学</a> /
										<a class="blue" href="app://downdict/762E9008C8AF3644B89ED13EB0716970">物理学</a> /
										<a class="blue" href="app://downdict/33BF68E0A9CC144BBA9F34CD98D957AF">能源</a>
										<br/>
									学习考试:&nbsp; <a class="blue" href="app://downdict/25D62D261B9B6943BE86B7DCF8F9D255">简明英语同义词反义词</a> &nbsp;
										<a class="blue" href="app://downdict/62460227D65607419EC0CBFFC0FEFE3E">拼写建议</a> &nbsp;
										<a class="blue" href="app://downdict/F0ACD2AE6C6A85479DD0D5B457CD4CAC">GRE红宝书</a> &nbsp;
										<a class="blue" href="app://downdict/487231D429098F449EF7914EED2288C3">2009考研英语词汇</a><br/>
								</div>
								<div id="lgsp_panel_2" style="display:none; padding:10px; line-height:200%">
									英语:&nbsp; <a class="blue" href="app://downdict/12D98EC3940843498672A92149455292">WordNet英语词典</a> &nbsp;
									<a class="blue" href="app://downdict/3632FA73AD8738409E3BC214D8B0E91C">维科英语词典</a> &nbsp;
									<a class="blue" href="app://downdict/2E5102682C32BA4E8623A834BA5D57E5">Roget's II 英语同义词词典</a><br/>
									汉语(简):&nbsp; <a class="blue" href="app://downdict/E1C27E806399D047822B6650194A3D32">维科英汉</a> /
									<a class="blue" href="app://downdict/60705A9F3503084A844B4ABE47E5D62A">汉英</a> &nbsp;
									<a class="blue" href="app://downdict/7AB175CC5F622A44A0DECE976AF22A16">朗道英汉</a> /
									<a class="blue" href="app://downdict/60705A9F3503084A844B4ABE47E5D62A">汉英</a> &nbsp;
									<a class="blue" href="app://downdict/EC8B2B2A05DC1D46BF43E7CCA9373B3E">现代英汉</a> &nbsp;
									<a class="blue" href="app://downdict/3C75800E495E724586189D3401293C89">现代汉语</a><br/>
									汉语(繁):&nbsp; <a class="blue" href="app://downdict/A57E73C4DDBB554B86D6828CA9B3D6AD">维科英汉</a> /
									<a class="blue" href="app://downdict/8B44A8FB357FFC4DAC4FE05AA84F17DE">汉英</a> &nbsp;
									<a class="blue" href="app://downdict/358C65BE8B34D046A23EB7C9424CAC42">英汉速查</a> /
									<a class="blue" href="app://downdict/878C479B64B7DD4FB7AAA10ACFE8B827">汉英</a> &nbsp;
									<a class="blue" href="app://downdict/7287861419D0F3438EABA86CD642CB2B">说文解字</a> &nbsp;
									<a class="blue" href="app://downdict/A54FC6C6D0E8CE49A962E9CF53C40DDE">康熙字典</a><br/>
									德语:&nbsp; <a class="blue" href="app://downdict/0980C64697D4904A81066E9F58F9B8AD">维科英德</a> /
									<a class="blue" href="app://downdict/65A6728E3B72AA4486FB7A831861328F">德英</a> &nbsp;
									<a class="blue" href="app://downdict/1E388F323A0BD943B30FC68598772814">Fundset德汉</a> &nbsp;
									<a class="blue" href="app://downdict/F72519D5205F634592237AB9DB4F0A0C">HanDeDict汉德</a><br/>
									法语:&nbsp; <a class="blue" href="app://downdict/9C0753A104A2F342A1048010C8379C72">维科英法</a> /
									<a class="blue" href="app://downdict/93AA8E8C3E6985469BC8D81AACD07946">法英</a> &nbsp;
									<a class="blue" href="app://downdict/C7B623DE698ED74BB11469E42A0AB569">法汉词典</a> &nbsp;
									<a class="blue" href="app://downdict/CB2F12742680CC499C94ADD3A46124A0">简明汉法词典</a> &nbsp;
									<a class="blue" href="app://downdict/A9FE4DE99539234DA0BF07B64C159BD6">法语动词变位表</a><br/>
									俄语:&nbsp; <a class="blue" href="app://downdict/AB8E9FFF4E1B9B41A60C10CDA8820FD0">维科英俄</a> /
									<a class="blue" href="app://downdict/F601F73B09C1874CB92B341258824768">俄英</a> &nbsp;
									<a class="blue" href="app://downdict/B7715DA25C27794FAC56D0C601F05F6C">通用英俄</a> /
									<a class="blue" href="app://downdict/EF55B8E9DDE4BF429A9F05080456A8EB">俄英</a> &nbsp;									
									<a class="blue" href="app://downdict/8FC0166CCDDB3E4ABA4DCB1ABAB3D9A1">简明俄汉</a> &nbsp;
									<a class="blue" href="app://downdict/B61FC597F4270342B8DA7F7F8C8117B0">大汉俄</a> &nbsp;
									<a class="blue" href="app://downdict/97F296FA7F1DB24C8F227577E863C61D">新汉俄</a> &nbsp;
									<a class="blue" href="app://downdict/79A76AF19099A343BD990EC195719601">俄语综合</a><br/>
									日语:&nbsp; <a class="blue" href="app://downdict/7ADA382D1F8FF64B95CBF1525D7EAE32">维科英日</a> /
									<a class="blue" href="app://downdict/7554E7109A40BE41987D0852111EDF4F">日英</a> &nbsp;
									<a class="blue" href="app://downdict/CB04B21C7C1E0A4C95EA5D8ADE8DEB49">小学馆日中</a> /
									<a class="blue" href="app://downdict/500C7085B508544BB97BA685228C68B1">中日</a> &nbsp;
									<a class="blue" href="app://downdict/E0239E115B0C2744B48C1980B18A9834">英辞郎-英和</a> /
									<a class="blue" href="app://downdict/460B3B80B50BD54DA5422C5923F4358E">和英</a> &nbsp;
									<a class="blue" href="app://downdict/AF795C46DEE84F46BB9F1C8507E50656">略語郎</a> &nbsp;
									<a class="blue" href="app://downdict/D20504029B27BC4EA345BC00CFF0F3E5">明鏡国語</a><br/>
									韩语:&nbsp; <a class="blue" href="app://downdict/EC6484D92F9A3049A572C46EF51F8702">维科英韩</a> /
									<a class="blue" href="app://downdict/2B869D17F169214F845EAD650F88AB18">韩英</a> &nbsp;
									<a class="blue" href="app://downdict/25650F41DC756C4C932CC3887AC8A870">Naver韩汉</a> /
									<a class="blue" href="app://downdict/1D0CC9E70D32F5459C133B7FFC59B26E">汉韩</a> /
									<a class="blue" href="app://downdict/A037A6BE5845D94CAF4D1BFCD2A5F4B4">英韩</a> / 
									<a class="blue" href="app://downdict/5E6AC89562AE4F4FB166B4C974C5225A">韩英</a> /
									<a class="blue" href="app://downdict/6CD0A636C8E5C84D8AF7839DA8CCF049">韩日</a> /
									<a class="blue" href="app://downdict/63332AAFE6159C448748FF073FAA1157">日韩</a>
									<br/>
									西语:&nbsp; <a class="blue" href="app://downdict/CA86F2C97F729E4BB2BE8CAE30374B13">维科英西</a> /
									<a class="blue" href="app://downdict/1532F6F204CB334BAABE14749C5933EB">西英</a> &nbsp;
									<a class="blue" href="app://downdict/C72922CC0F48C44D9B370FE4D8A76912">简明西汉</a> /
									<a class="blue" href="app://downdict/9159F38D6E1D7C4D9B7B134C1148387F">汉西</a> &nbsp;
									葡语:&nbsp; <a class="blue" href="app://downdict/2B9B25A82E4A5E40BFB64F353132303E">维科英葡</a> /
									<a class="blue" href="app://downdict/7DAD2F56F8A64C4C97850DFF34AFC896">葡英</a> &nbsp;
									<a class="blue" href="app://downdict/23AEE6C3808C534CAE4E506B9875E82C">简明葡汉</a> /
									<a class="blue" href="app://downdict/D688493704786947BD09F355EDF4A3F8">汉葡</a><br/>
									意大利语:&nbsp; <a class="blue" href="app://downdict/CDBD374919A2D949B3D0A41EAC2D18FA">维科英意</a> /
									<a class="blue" href="app://downdict/67DC0D30C631544BAF9CD68D62357549">意英</a> &nbsp;
									<a class="blue" href="app://downdict/0EA7033A2ECE9F47AEB36D24EC994F7A">简明意汉</a> / 
									<a class="blue" href="app://downdict/3A44748F777ADF4DB0C4F6F298C4A7ED">汉意</a> &nbsp;
									越南语:&nbsp; <a class="blue" href="app://downdict/A118099F78E32348B6190AED59DBECCA">Free英越</a> /
									<a class="blue" href="app://downdict/1B8069EA04C56945B70002CAEBCE1312">越英</a> /
									<a class="blue" href="app://downdict/D707C20E33F203439A7451D7A6AC468C">汉越</a> &nbsp;
									<a class="blue" href="app://downdict/861EAB613794A548ABFA87F7EA157B68">越汉</a><br/>
									阿拉伯语:&nbsp; <a class="blue" href="app://downdict/C7DB7F0A6251F94BA81E6290B60232CC">维科英阿</a> /
									<a class="blue" href="app://downdict/0686B4A12450F84F9506FE31F3207E79">阿英</a> &nbsp;
									希伯来语:&nbsp; <a class="blue" href="app://downdict/D4FDA61ECC48E742A8231AB7FA15E81B">维科英希</a> /
									<a class="blue" href="app://downdict/B1DC263A4FF0CC41847E2E04DA189C52">希英</a><br/>
								</div>
							</div>
				</div>
				]]>
      </content>
    </item>

    <item lang="zh-TW">
      <tip><![CDATA[]]></tip>
      <content>
        <![CDATA[
				<div id="startpage" cellspacing="0" cellpadding="0" style="min-width:500px; padding:15px 15px 0px 15px; font-family:'Tahoma', 'Arial'; font-size:12px; line-height:150%; color:#808080; white-space:nowrap;">
							<div style="height:1px"><img border="0" src="[$ImgPath]s.png" width="500" height="1"></div>
							<div nowrap style="clear:both; width:100%">
								<img border="0" src="[$ImgPath]logo36.png" width="36" height="36" align="left" style="margin-right:10px">
								<div>
									<div style="line-height:120%">
										<a class="blue" href="app://help/">Help 使用幫助</a> | 
										<a class="blue" href="app://downdict/">下載海量詞庫</a> | 
										<a class="blue" href="app://downspeech/">下載真人語音</a> | 
										<a class="blue" href="app://community/">技術支持</a> |
										<a class="blue" href="app://download/" style="font-size:11px">V[$Version]-[$Area]</a>
									</div>
									<div nowrap style="width:100%; margin-top:3px">
										<div class="lgsp_toolbutton" title="實用外語網址導航" onclick="window.navigate('app://appendix/website')"><img border="0" src="[$ImgPath]download\website.png" width="16" height="16" align="absmiddle"> 外語網址</div>
										<div class="lgsp_toolbutton" title="匯率換算" onclick="window.navigate('app://appendix/rate')"><img border="0" src="[$ImgPath]download\rate.png" width="16" height="16" align="absmiddle"> 匯率</div>
										<div class="lgsp_toolbutton" title="度量衡換算" onclick="window.navigate('app://appendix/measures')"><img border="0" src="[$ImgPath]download\measures.png" width="16" height="16" align="absmiddle"> 度量衡</div>
										<div class="lgsp_toolbutton" title="國際電話區號" onclick="window.navigate('app://appendix/dialcode')"><img border="0" src="[$ImgPath]download\dialcode.png" width="16" height="16" align="absmiddle"></div>
										<div class="lgsp_toolbutton" title="國際時區轉換" onclick="window.navigate('app://appendix/timezone')"><img border="0" src="[$ImgPath]download\timezone.png" width="16" height="16" align="absmiddle"></div>
										<div class="lgsp_toolbutton" title="萬年曆" onclick="window.navigate('app://appendix/calendar')"><img border="0" src="[$ImgPath]download\calendar.png" width="16" height="16" align="absmiddle"></div>
										<div class="lgsp_toolbutton" title="中文簡繁體轉換" onclick="window.navigate('app://appendix/convzh')"><img border="0" src="[$ImgPath]download\convzh.png" width="16" height="16" align="absmiddle"></div>
										<div class="lgsp_toolbutton" title="IPA 國際音標" onclick="window.navigate('app://appendix/ipa')"><img border="0" src="[$ImgPath]download\ipa.png" width="16" height="16" align="absmiddle"></div>
										<div class="lgsp_toolbutton" title="IP 地址查詢" onclick="window.navigate('app://appendix/ip')"><img border="0" src="[$ImgPath]download\ip.png" width="16" height="16" align="absmiddle"></div>
										<div style="clear:both"></div>
									</div>
								</div>
							</div>
							<div nowrap style="clear:both; width:100%; margin-top:10px; line-height:120%">
								<div id="lgsp_panel_head_0" class="lgsp_panel_sel" onclick="lgspSelectPanel(0, 'lgsp_panel_', 'lgsp_panel_');">最新更新</div>
								<div id="lgsp_panel_head_1" class="lgsp_panel_nosel" onclick="lgspSelectPanel(1, 'lgsp_panel_', 'lgsp_panel_');">推薦</div>
								<div id="lgsp_panel_head_2" class="lgsp_panel_nosel" onclick="lgspSelectPanel(2, 'lgsp_panel_', 'lgsp_panel_');">多語種</div>
								<div class="lgsp_panel_sp" style="text-align:right"><font color='#FF0000'>&nbsp;</font></div>
								<div style="clear:both"></div>
							</div>
							<div style="clear:both; border-left: 1px solid #DCE7F4; border-right: 1px solid #DCE7F4; border-bottom: 1px solid #DCE7F4; background-color:#ffffff">
								<div id="lgsp_panel_0" nowrap style="display:; padding:10px; line-height:200%">
									<div>
										<table border="0" width="523" height="59" cellspacing="0" cellpadding="0" bordercolor="#EEEEEE" style="border-collapse: collapse; margin-bottom:5px; background-position:1px 1px" background="[$ImgPath]download\linkbox.png">
											<tr>
												<td width="100%">
													<table border="1" width="100%" height="30" cellspacing="0" cellpadding="0" bordercolor="#EEEEEE" style="border-collapse: collapse; margin-bottom:-1px;">
														<tr>
															<td width="28" height="28" style="cursor:hand" onclick="window.navigate('http://www.lingoes.cn/zh/adbox/golink.php?box=A1')" title="托福名師劉文勇親自授課，閱讀寫作兩科特價只要680元。"><img border="0" src="[$ImgPath]download\lasedu13.gif" width="28" height="28" align="absbottom"></td>
															<td width="231" height="28" style="cursor:hand" onclick="window.navigate('http://www.lingoes.cn/zh/adbox/golink.php?box=B1')" title="批改網：英語作文，免費在線批改"><img border="0" src="[$ImgPath]download\pigai.png" width="231" height="28" align="absbottom"></td>
															<td width="231" height="28" style="cursor:hand" onclick="window.navigate('http://www.lingoes.cn/zh/adbox/golink.php?box=J1')" title="2天記信4000單詞的秘密…"><img border="0" src="[$ImgPath]download\rock2.gif" width="231" height="28" align="absbottom"></td>
															<td width="28" height="28" style="cursor:hand" onclick="window.navigate('http://www.lingoes.cn/zh/adbox/golink.php?box=R1')" title="R1: 有空位"> </td>
														</tr>
													</table>
													<table border="1" width="100%" height="30" cellspacing="0" cellpadding="0" bordercolor="#EEEEEE" style="border-collapse: collapse; margin-bottom:0px">
														<tr>
															<td width="28" height="28" style="cursor:hand" onclick="window.navigate('http://www.lingoes.cn/zh/adbox/golink.php?box=A2')" title="科學驗證：一個月聽懂VOA，詞彙量猛漲！"><img border="0" src="[$ImgPath]download\rockywords.gif" width="28" height="28" align="absbottom"></td>
															<td width="28" height="28" style="cursor:hand" onclick="window.navigate('http://www.lingoes.cn/zh/adbox/golink.php?box=B2')" title="北京新東方GRE教師,旅遊攝影控,詞彙帝國Matrix單詞記憶法創始人"><img border="0" src="[$ImgPath]download\ciscoblizzard.jpg" width="28" height="28" align="absbottom"></td>
															<td width="28" height="28" style="cursor:hand" onclick="window.navigate('http://www.lingoes.cn/zh/adbox/golink.php?box=C2')" title="經過國外專家把關的中英論文翻譯、潤色服務"><img border="0" src="[$ImgPath]download\ufi.gif" width="28" height="28" align="absbottom"></td>
															<td width="173" height="28" style="cursor:hand" onclick="window.navigate('http://www.lingoes.cn/zh/adbox/golink.php?box=D2')" title="洛基國際英語"><img border="0" src="[$ImgPath]download\rock.gif" width="173" height="28" align="absbottom"></td>
															<td width="231" height="28" style="cursor:hand" onclick="window.navigate('http://www.lingoes.cn/zh/adbox/golink.php?box=J2')" title="句酷：中英，中日雙語句例搜索，海量句例任你搜"><img border="0" src="[$ImgPath]download\jukuu.jpg" width="231" height="28" align="absbottom"></td>
															<td width="28" height="28" style="cursor:hand" onclick="window.navigate('http://www.lingoes.cn/zh/adbox/golink.php?box=R2')" title="R2: 有空位"> </td>
														</tr>
													</table>
												</td>
											</tr>
										</table>
<!-- hudong_begin -->
<div>[$startpage_hudong]</div>
<!-- hudong_end -->
									<a class="red" style="line-height:150%" href="app://download/"><b>Lingoes 2.9 發布啦, 曆時一年全新重構, 快速穩定兼容, 按此下載最新版...</b></a><br/>
									<div style="color:#00A300; line-height:150%">全面兼容 Win 8 及 64 位操作系統</div>
									<div style="color:#00A300; line-height:150%">支持 Word 2013, Acrobat X1, IE 10, Chrome 26, Firefox 20 屏幕取詞</div>
									&bull; &nbsp;最新: &nbsp; <a class="blue" href="app://downdict/73D3F4E8631CD24DB402ABE3034B3203">2010 SCI 期刊影響因子</a>&nbsp;
										<a class="blue" href="app://downdict/652EE7017FAD164496CEA42E812452BA">SVW德中汽車詞典</a> &nbsp;
										<a class="blue" href="app://downdict/85E90AA20C578547978BDD57B40F72EE">意漢漢意詞典</a> &nbsp;
										<a class="blue" href="app://downdict/271E2E9D04D3424DB4D9A9AA4F122E8D">韋氏核心詞彙</a> &nbsp;
										<br/>
									&bull; &nbsp;最新: &nbsp; <a class="blue" href="app://downdict/3D0ADD3D88C4F145A53157584EB04972">新明解國語辭典</a> &nbsp;
										<a class="blue" href="app://downdict/ADBF8DD433559949B6DD7FCDAA55B6D0">牛津法律詞典</a> &nbsp;
										<a class="blue" href="app://downdict/0B5A0C0FD3752E4FBEDFCBB81D8FA582">彭博社財經詞彙</a> &nbsp;
										<a class="blue" href="app://downdict/A38E682151C08547B25F8BC8071471C5">路透金融詞典</a> &nbsp;
										<br/>
									&bull; &nbsp;最新: &nbsp; <a class="blue" href="app://downdict/317097B6E814E043839A3467BA8F4CCE">英文維基百科</a> &nbsp;
										<a class="blue" href="app://downdict/BD97C672A7A30746B202C9B92827CEC2">法蘭西學院法語</a> &nbsp;
										<a class="blue" href="app://downdict/553971B9308D8E4CB916C734378578FF">聯合國術語</a> /
										<a class="blue" href="app://downdict/B1446301526A9C4FA795BB0E92F4301E">SAP</a> /
										<a class="blue" href="app://downdict/E33AC23C0D792048B4F0D8D144CB522E">岩土</a> /
										<a class="blue" href="app://downdict/C277F6F05131E84F9535153F2D2A9E58">光電</a> /
										<a class="blue" href="app://downdict/D21B05FAABAFB24E9174ACC470CB29D7">造紙</a>
										<br/>
									&bull; &nbsp;專業: &nbsp; <a class="blue" href="app://downdict/9EBAFBBC5DD47041A7A52C34C33DFC90">英漢海運</a> / 
										<a class="blue" href="app://downdict/590AAD8D2288A44988756313671C473C">航海</a> / 
										<a class="blue" href="app://downdict/790531A12A51D14CBCA057A0E2C52B31">細菌</a> / 
										<a class="blue" href="app://downdict/EC6E1B1B65EB364B9EBE29C10CEF9F09">音頻</a> /
										<a class="blue" href="app://downdict/7AAF086EB08A594E80EA929FCC0A20DF">印刷</a> /
										<a class="blue" href="app://downdict/82E0CA3E2EEF604B916A61D3383554C6">核電</a> /
										<a class="blue" href="app://downdict/52F09D968220B34C965B0C7982C2BA98">變壓器</a> /
										<a class="blue" href="app://downdict/896B8CCCE028D14C86BDDCAED86171C3">會計</a> /
										<a class="blue" href="app://downdict/D8D1C5BC8996864B809FC02C5F524B0E">食品</a> /
										<a class="blue" href="app://downdict/09A739C2F087EE44B95B3148A09BD979">電氣</a>
										<br/>
									&bull; &nbsp;中文: &nbsp; <a class="blue" href="app://downdict/74BF7ECCE3A9AC43B5E8902261A19B29">互動百科</a>&nbsp;
										<a class="blue" href="app://downdict/475BD0BF12BD60478A550E0F132281D5">現代漢語</a>&nbsp;
										<a class="blue" href="app://downdict/0C27239D59E73C44B77494D0277421DF">漢語大辭典</a>&nbsp;
										<a class="blue" href="app://downdict/0CEC61311C63244D980683EE4D5E3C9C">漢語辭海</a>&nbsp;
										<a class="blue" href="app://downdict/7287861419D0F3438EABA86CD642CB2B">說文解字</a>&nbsp;
										<a class="blue" href="app://downdict/A54FC6C6D0E8CE49A962E9CF53C40DDE">康熙字典</a>&nbsp;
										<a class="blue" href="app://downdict/5EFFA3FA3AC6C84580581F90E69D6F98">本草綱目</a>
										<br/>
									&bull; &nbsp;新世紀科技大詞典: &nbsp; <a class="blue" href="app://downdict/02F7D9A072FD8E409E91F5E5C8822D12">英漢</a> /
										<a class="blue" href="app://downdict/ACD54F2E77BF5B4296F7D05B395506D7">漢英</a>, &nbsp;
										<a class="blue" href="app://downdict/577D4D00197795408AAD54D9AD8308B8">生態環境</a>&nbsp;
										<a class="blue" href="app://downdict/FBC2485556D7CC4185513E0D004F28F3">公路工程</a>&nbsp;
										<a class="blue" href="app://downdict/FB358A647CF1BB4E8533F0636FEA180B">化工機械</a>&nbsp;
										<a class="blue" href="app://downdict/7D2D38A19BC15544939337C52E8FEEAF">體育</a>&nbsp;
										<a class="blue" href="app://downdict/7BF238C05A5C0B47B5C9F739EFDF9DFE">天文</a>&nbsp;
										<a class="blue" href="app://downdict/CA817672DD161C4A9DDB5029D469EDCC">地理</a> 
										<br/>
										<div style="width:100%">
											<div style="float:left"><a class="blue" href="http://www.lingoes.cn/zh/dictionary/"><b>更多權威詞典和百科全書...</b></a></div>
											<div style="text-align:right"><a href="http://dict.baike.com/dict.do?from=lingoes&type=23"><img border="0" src="[$ImgPath]download\baike1.gif" width="218" height="24" align="absmiddle" title="互動百科 - 全球最大中文百科網站"></a></div>
										</div>
									</div>
								</div>
								<div id="lgsp_panel_1" style="display:none; padding:10px; line-height:200%">
									權威詞典:&nbsp; <a class="blue" href="app://downdict/3253C2A669C4DB4F8508B5FC4A017DDE">牛津高階英語詞典</a> &nbsp;
										<a class="blue" href="app://downdict/120EDBC05B3A444EA20D4E18A7E8AD65">牛津高階英漢雙解詞典</a> /
										<a class="blue" href="app://downdict/4DADA3E26DCE0444AD5AFE7F3A5BF7F8">繁體版</a> &nbsp;
										<a class="blue" href="app://downdict/3F20D028F2130549829DEE2F93AC7E13">牛津英語搭配詞典</a><br/>
										<a class="blue" href="app://downdict/D4722835273E184582F2D24696A738EA">朗文當代英語詞典</a> &nbsp;
										<a class="blue" href="app://downdict/391AB9CB8E521B4593A199AF33187A62">朗文英語聯想活用詞典</a> &nbsp;
										<a class="blue" href="app://downdict/ED88A0715DB8E1448AEA4819D1280CEE">柯林斯高階英語詞典</a> &nbsp;
										<a class="blue" href="app://downdict/3B8855D90572464DB0D5F330197AFAE2">美國傳統詞典</a><br/>
										<a class="blue" href="app://downdict/C735CAD54824B1409A228EE9C19E3F29">劍橋高級學習詞典</a> &nbsp;
										<a class="blue" href="app://downdict/DD900E7D1A47994CB52F0BFC7C75D11E">韋氏大學詞典</a> &nbsp;
										<a class="blue" href="app://downdict/064BC0137E704247895C401855B9321C">麥克米蘭英語詞典</a> &nbsp;
										<a class="blue" href="app://downdict/12D98EC3940843498672A92149455292">WordNet英語詞典</a><br/>
									百科全書:&nbsp; <a class="blue" href="app://downdict/681D2F0763B84A4EACEEFF51CFF1127C">百度百科</a> &nbsp;
										<a class="blue" href="app://downdict/74BF7ECCE3A9AC43B5E8902261A19B29">互動百科</a> &nbsp;
										<a class="blue" href="app://downdict/233473BF801EF74C8FEC17CF73468752">大英袖珍百科中文版</a><br/>
									中華典藉:&nbsp; <a class="blue" href="app://downdict/7287861419D0F3438EABA86CD642CB2B">說文解字</a> &nbsp;
										<a class="blue" href="app://downdict/A54FC6C6D0E8CE49A962E9CF53C40DDE">康熙字典</a> &nbsp;
										<a class="blue" href="app://downdict/5EFFA3FA3AC6C84580581F90E69D6F98">本草綱目</a><br/>
									專業詞典:&nbsp; <a class="blue" href="app://downdict/0555C20CEF20624A8CDC4115B32C6048">Investopedia 金融術語</a> &nbsp;
										<a class="blue" href="app://downdict/02EADD5523E19A40A8B68C8F03230190">高盛金融詞彙英漢詳解 </a> &nbsp;
										<a class="blue" href="app://downdict/F39E5267052B4C47A0738671482CE675">Lexisnexis英漢法律</a> <br/>
										<a class="blue" href="app://downdict/FBE519B52452C742BD4B3FF939D5100D">湘雅醫學專業</a> &nbsp;
										<a class="blue" href="app://downdict/02F7D9A072FD8E409E91F5E5C8822D12">新世紀英漢科技大詞典</a> /
										<a class="blue" href="app://downdict/ACD54F2E77BF5B4296F7D05B395506D7">漢英</a> &nbsp;
										<a class="blue" href="app://downdict/6460CFE0974BEB4F95ECEB024D881835">華為網絡通信術語</a> &nbsp;
										<a class="blue" href="app://downdict/E2121C8E4A7EC947853B418037587887">餐飲菜單譯法</a><br/>
										<a class="blue" href="app://downdict/74C122DFD661AE47AB2A60E3A3D3D8A9">英漢電子工程</a> /
										<a class="blue" href="app://downdict/0F79B79D268A5541B3C76C85CFA06663">汽車</a> /
										<a class="blue" href="app://downdict/7BF238C05A5C0B47B5C9F739EFDF9DFE">天文學</a> /
										<a class="blue" href="app://downdict/ADED198A79077F42A7F645CE62799F45">化學及化工</a> /
										<a class="blue" href="app://downdict/AC65E351F8A58F4AB6542FDCFCCAB5C7">數學</a> /
										<a class="blue" href="app://downdict/762E9008C8AF3644B89ED13EB0716970">物理學</a> /
										<a class="blue" href="app://downdict/33BF68E0A9CC144BBA9F34CD98D957AF">能源</a>
										<br/>
									學習考試:&nbsp; <a class="blue" href="app://downdict/25D62D261B9B6943BE86B7DCF8F9D255">簡明英語同義詞反義詞</a> &nbsp;
										<a class="blue" href="app://downdict/62460227D65607419EC0CBFFC0FEFE3E">拼寫建議</a> &nbsp;
										<a class="blue" href="app://downdict/F0ACD2AE6C6A85479DD0D5B457CD4CAC">GRE紅寶書</a> &nbsp;
										<a class="blue" href="app://downdict/487231D429098F449EF7914EED2288C3">2009考研英語詞彙</a><br/>
								</div>
								<div id="lgsp_panel_2" style="display:none; padding:10px; line-height:200%">
									英語:&nbsp; <a class="blue" href="app://downdict/12D98EC3940843498672A92149455292">WordNet英語詞典</a> &nbsp;
									<a class="blue" href="app://downdict/3632FA73AD8738409E3BC214D8B0E91C">維科英語詞典</a> &nbsp;
									<a class="blue" href="app://downdict/2E5102682C32BA4E8623A834BA5D57E5">Roget's II 英語同義詞詞典</a><br/>
									漢語(簡):&nbsp; <a class="blue" href="app://downdict/E1C27E806399D047822B6650194A3D32">維科英漢</a> /
									<a class="blue" href="app://downdict/60705A9F3503084A844B4ABE47E5D62A">漢英</a> &nbsp;
									<a class="blue" href="app://downdict/7AB175CC5F622A44A0DECE976AF22A16">朗道英漢</a> /
									<a class="blue" href="app://downdict/60705A9F3503084A844B4ABE47E5D62A">漢英</a> &nbsp;
									<a class="blue" href="app://downdict/EC8B2B2A05DC1D46BF43E7CCA9373B3E">現代英漢</a> &nbsp;
									<a class="blue" href="app://downdict/3C75800E495E724586189D3401293C89">現代漢語</a><br/>
									漢語(繁):&nbsp; <a class="blue" href="app://downdict/A57E73C4DDBB554B86D6828CA9B3D6AD">維科英漢</a> /
									<a class="blue" href="app://downdict/8B44A8FB357FFC4DAC4FE05AA84F17DE">漢英</a> &nbsp;
									<a class="blue" href="app://downdict/358C65BE8B34D046A23EB7C9424CAC42">英漢速查</a> /
									<a class="blue" href="app://downdict/878C479B64B7DD4FB7AAA10ACFE8B827">漢英</a> &nbsp;
									<a class="blue" href="app://downdict/7287861419D0F3438EABA86CD642CB2B">說文解字</a> &nbsp;
									<a class="blue" href="app://downdict/A54FC6C6D0E8CE49A962E9CF53C40DDE">康熙字典</a><br/>
									德語:&nbsp; <a class="blue" href="app://downdict/0980C64697D4904A81066E9F58F9B8AD">維科英德</a> /
									<a class="blue" href="app://downdict/65A6728E3B72AA4486FB7A831861328F">德英</a> &nbsp;
									<a class="blue" href="app://downdict/1E388F323A0BD943B30FC68598772814">Fundset德漢</a> &nbsp;
									<a class="blue" href="app://downdict/F72519D5205F634592237AB9DB4F0A0C">HanDeDict漢德</a><br/>
									法語:&nbsp; <a class="blue" href="app://downdict/9C0753A104A2F342A1048010C8379C72">維科英法</a> /
									<a class="blue" href="app://downdict/93AA8E8C3E6985469BC8D81AACD07946">法英</a> &nbsp;
									<a class="blue" href="app://downdict/C7B623DE698ED74BB11469E42A0AB569">法漢詞典</a> &nbsp;
									<a class="blue" href="app://downdict/CB2F12742680CC499C94ADD3A46124A0">簡明漢法詞典</a> &nbsp;
									<a class="blue" href="app://downdict/A9FE4DE99539234DA0BF07B64C159BD6">法語動詞變位表</a><br/>
									俄語:&nbsp; <a class="blue" href="app://downdict/AB8E9FFF4E1B9B41A60C10CDA8820FD0">維科英俄</a> /
									<a class="blue" href="app://downdict/F601F73B09C1874CB92B341258824768">俄英</a> &nbsp;
									<a class="blue" href="app://downdict/B7715DA25C27794FAC56D0C601F05F6C">通用英俄</a> /
									<a class="blue" href="app://downdict/EF55B8E9DDE4BF429A9F05080456A8EB">俄英</a> &nbsp;									
									<a class="blue" href="app://downdict/8FC0166CCDDB3E4ABA4DCB1ABAB3D9A1">簡明俄漢</a> &nbsp;
									<a class="blue" href="app://downdict/B61FC597F4270342B8DA7F7F8C8117B0">大漢俄</a> &nbsp;
									<a class="blue" href="app://downdict/97F296FA7F1DB24C8F227577E863C61D">新漢俄</a> &nbsp;
									<a class="blue" href="app://downdict/79A76AF19099A343BD990EC195719601">俄語綜合</a><br/>
									日語:&nbsp; <a class="blue" href="app://downdict/7ADA382D1F8FF64B95CBF1525D7EAE32">維科英日</a> /
									<a class="blue" href="app://downdict/7554E7109A40BE41987D0852111EDF4F">日英</a> &nbsp;
									<a class="blue" href="app://downdict/CB04B21C7C1E0A4C95EA5D8ADE8DEB49">小學館日中</a> /
									<a class="blue" href="app://downdict/500C7085B508544BB97BA685228C68B1">中日</a> &nbsp;
									<a class="blue" href="app://downdict/E0239E115B0C2744B48C1980B18A9834">英辭郎-英和</a> /
									<a class="blue" href="app://downdict/460B3B80B50BD54DA5422C5923F4358E">和英</a> &nbsp;
									<a class="blue" href="app://downdict/AF795C46DEE84F46BB9F1C8507E50656">略語郎</a> &nbsp;
									<a class="blue" href="app://downdict/D20504029B27BC4EA345BC00CFF0F3E5">明鏡國語</a><br/>
									韓語:&nbsp; <a class="blue" href="app://downdict/EC6484D92F9A3049A572C46EF51F8702">維科英韓</a> /
									<a class="blue" href="app://downdict/2B869D17F169214F845EAD650F88AB18">韓英</a> &nbsp;
									<a class="blue" href="app://downdict/25650F41DC756C4C932CC3887AC8A870">Naver韓漢</a> /
									<a class="blue" href="app://downdict/1D0CC9E70D32F5459C133B7FFC59B26E">漢韓</a> /
									<a class="blue" href="app://downdict/A037A6BE5845D94CAF4D1BFCD2A5F4B4">英韓</a> / 
									<a class="blue" href="app://downdict/5E6AC89562AE4F4FB166B4C974C5225A">韓英</a> /
									<a class="blue" href="app://downdict/6CD0A636C8E5C84D8AF7839DA8CCF049">韓日</a> /
									<a class="blue" href="app://downdict/63332AAFE6159C448748FF073FAA1157">日韓</a>
									<br/>
									西語:&nbsp; <a class="blue" href="app://downdict/CA86F2C97F729E4BB2BE8CAE30374B13">維科英西</a> /
									<a class="blue" href="app://downdict/1532F6F204CB334BAABE14749C5933EB">西英</a> &nbsp;
									<a class="blue" href="app://downdict/C72922CC0F48C44D9B370FE4D8A76912">簡明西漢</a> /
									<a class="blue" href="app://downdict/9159F38D6E1D7C4D9B7B134C1148387F">漢西</a> &nbsp;
									葡語:&nbsp; <a class="blue" href="app://downdict/2B9B25A82E4A5E40BFB64F353132303E">維科英葡</a> /
									<a class="blue" href="app://downdict/7DAD2F56F8A64C4C97850DFF34AFC896">葡英</a> &nbsp;
									<a class="blue" href="app://downdict/23AEE6C3808C534CAE4E506B9875E82C">簡明葡漢</a> /
									<a class="blue" href="app://downdict/D688493704786947BD09F355EDF4A3F8">漢葡</a><br/>
									意大利語:&nbsp; <a class="blue" href="app://downdict/CDBD374919A2D949B3D0A41EAC2D18FA">維科英意</a> /
									<a class="blue" href="app://downdict/67DC0D30C631544BAF9CD68D62357549">意英</a> &nbsp;
									<a class="blue" href="app://downdict/0EA7033A2ECE9F47AEB36D24EC994F7A">簡明意漢</a> / 
									<a class="blue" href="app://downdict/3A44748F777ADF4DB0C4F6F298C4A7ED">漢意</a> &nbsp;
									越南語:&nbsp; <a class="blue" href="app://downdict/A118099F78E32348B6190AED59DBECCA">Free英越</a> /
									<a class="blue" href="app://downdict/1B8069EA04C56945B70002CAEBCE1312">越英</a> /
									<a class="blue" href="app://downdict/D707C20E33F203439A7451D7A6AC468C">漢越</a> &nbsp;
									<a class="blue" href="app://downdict/861EAB613794A548ABFA87F7EA157B68">越漢</a><br/>
									阿拉伯語:&nbsp; <a class="blue" href="app://downdict/C7DB7F0A6251F94BA81E6290B60232CC">維科英阿</a> /
									<a class="blue" href="app://downdict/0686B4A12450F84F9506FE31F3207E79">阿英</a> &nbsp;
									希伯來語:&nbsp; <a class="blue" href="app://downdict/D4FDA61ECC48E742A8231AB7FA15E81B">維科英希</a> /
									<a class="blue" href="app://downdict/B1DC263A4FF0CC41847E2E04DA189C52">希英</a><br/>
								</div>
							</div>
				</div>
				]]>
      </content>
    </item>
    
  </Info>
</update>
