﻿<?xml version="1.0" encoding="UTF-8" ?>
<upnow time="2013-09-05 01:01:01">
	<now>
		<cmd act="unlgz_all" lgzfile="http://update.lingoes.cn/update/18/file/image_zh.lgz" destname="[$ImgPath]download" md5="6A8B5A3C9BAB855A304915A9946252AD" />
		<cmd act="copy_file" srcname="http://update.lingoes.cn/update/18/file/def_EA8BE1CEC6BCAD41A4BAF7705F2AF5E6.ldx" destname="[$DictPath]def_EA8BE1CEC6BCAD41A4BAF7705F2AF5E6.ldx" overwrite="y" md5="C8EECC4A2C4E89F590E87852E1B85441" />
		<cmd act="update_dict" name="http://update.lingoes.cn/update/18/file/Hudong Wiki.ld2" dictid="74BF7ECCE3A9AC43B5E8902261A19B29" enablequery="a" enableindex="n" enablegrab="a" md5="85F09296E2FFBBAF93ABA6B7B9CA576F"/>
		<cmd act="install_dict" name="http://update.lingoes.cn/update/18/file/Text Translation.ld2" dictid="54BDECB4CEEAB74D9F8BED8AF043163D" enablequery="a" enableindex="n" enablegrab="n" md5="E2C0DBF076BCCB9A017F4E9E0A729434"/>
		<cmd act="update_dict" name="http://update.lingoes.cn/update/18/file/Dict.CN.ld2" dictid="0895DFE8DB67F9409DB285590D870EDD" enablequery="a" enableindex="n" enablegrab="a" md5="4C2B170D465E84EA3A1DDDDE9136C376"/>
		<cmd act="update_dict" name="http://update.lingoes.cn/update/18/file/Jukuu Bilingual Sentence Searcher.ld2" dictid="D04CA8D7791B794AAFC895D54BC07DC8" enablequery="a" enableindex="n" enablegrab="a" md5="54EDEEA0C388FEAA579515223705688E"/>
	</now>
</upnow>
